id,severity,status,title,root_cause,patch,patch_verified,regression_test,effort
BUG-001,Critical,Confirmed,Authentication is fail-open; `x-role` header backdoor grants admin,"`apps/api/src/app.ts:66-78` — the auth hook fails open: any request without a   cookie is assigned `role: 'admin'` (line 75 via `headerRole || 'admin'`), and the `x-role`   request header is trusted directly (line 71). No route is actually protected; `/api/docs`   and `/health` checks aside, all reads AND writes are anonymous (verified pre-patch: GET   `/api/ports` → 200, `x-role: viewer` → 200, forged cookie → 200, GET `/api/settings` → 200). -",API-001-app-hardening.diff,yes,`tests/api-auth.test.mjs` (fails pre-patch: 8 FAIL; passes post-patch). -,S
BUG-002,Critical,Confirmed,Spreadsheet import destroys the entire route table on malformed files,"`apps/api/src/modules/import-export/import-excel.ts:437` —   `await prisma.route.deleteMany({})` executes **before** the workbook is parsed; any upload   that parses to zero usable rows still wipes all routes. Additionally the import route is   reachable anonymously (BUG-001), and a 0-row import returns `Success! Imported 0 routes`   (`SettingsPage.tsx:164` shows the server-provided counts). - **Reproduction (performed on scratch DB):** `IMPORT_TEST=1` upload of a garbage workbook →   routes table 106 → 0, UI reported success. -",API-002-import-guard.diff,yes,`tests/api-import-export.test.mjs` (destructive part runs only with   `IMPORT_TEST=1` against a scratch DB; asserts routes preserved on garbage upload). -,S
BUG-003,Critical,Confirmed,"Shipped default JWT secret, tokens never expire, default credentials","- `apps/api/src/config/env.ts:20` — `jwtSecret: process.env.JWT_SECRET || 'super-secret-jwt-key-portwatch-2026-very-secure'`     (default is in git and in `.env.example`); production never requires a real secret.   - `apps/api/src/modules/auth/auth.routes.ts:32` — `jwt.sign(...)` without `expiresIn`; cookie     `maxAge: 86400 * 7` (line 38) is the only limit and is client-revocable, not server-enforced.     Session logout just clears the cookie; tokens stay valid until forever.   - `auth.routes.ts:36` — `secure: false` (acceptable only on internal HTTP; documented).   - Default admin credentials accepted in every environment (no forced password change). -",API-003-auth-credential-hardening.diff,yes,`tests/api-auth.test.mjs` (login contract) + manual: boot without   `JWT_SECRET` in production mode → must refuse to start. -,S
BUG-004,High,Confirmed,Viewer role can perform admin mutations,"`apps/api/src/app.ts` registers all routes with no   role check; the hook only *records* the role (baseline line 75). Verified with a valid   viewer session: `POST /api/scan/run` → 200, `PATCH /api/settings` → 200,   `POST /api/issues` → 201, `DELETE /api/saved-views/…` → 500 (route exists, handler error). -",API-001-app-hardening.diff,yes,`tests/api-auth.test.mjs` (enable via `VIEWER_COOKIE=…`) |,S
BUG-005,High,Confirmed,No login/logout UI; web silently fakes an admin session,"no `/login` route existed; `Header.tsx:16` —   `'/auth/me').catch(() => ({ role: 'admin', username: 'admin' }))`, and the same   fail-open fallback exists in 7 files (`IssuesPage.tsx:28`, `SettingsPage.tsx:28`,   `BackendsPage.tsx:28`, `PortsPage.tsx:91`, `RoutesPage.tsx:35`, `CommandPalette.tsx:40`,   `Header.tsx:16`); header identity was hard-coded text `admin` (`Header.tsx:143`).   Every `/auth/me` call returned 401 while the UI displayed admin (pre-patch evidence). -",WEB-002-app-shell-errors-login.diff; WEB-003-session-responsive-theme.diff,yes,"`tests/web-ui.test.mjs` (""unauthenticated visit redirects to /login"") |",M
BUG-006,High,Confirmed,"Export returns the wrong data (filters ignored, archived rows, blank relations, no BOM, fixed filename, unknown entity 200)","- `PortsPage.tsx:169-171` — `window.open('/api/export?entity=ports&format=…')` discards the     active URL/search filters; export menu on other pages is missing entirely.   - `apps/api/src/modules/import-export/import-export.routes.ts:41+` — no     `archived/q/status/lifecycle` filter handling; relation columns serialized as empty     objects; `entity` taken as-is (unknown entity → 200 with empty CSV); no UTF-8 BOM;     `portwatch-ports-2026-10-07.csv` (date only).   - Evidence: `evidence/export-ports-q443.csv` (1 matching row → 34 rows incl. archived),     `test-import-export-before-fix.txt` (5 FAIL). -",API-007-export-correctness.diff; WEB-001-ports-page.diff,yes,`tests/api-import-export.test.mjs` |,M
BUG-007,High,Confirmed,CSV formula injection in exports,"export writes raw cell values; a title like   `=HYPERLINK(""http://evil"",""x"")` is executed by Excel/LibreOffice on open.   Evidence: `evidence/export-issues-csv-injection.csv`, `export-issues-injection.xlsx`. -",API-007-export-correctness.diff,yes,"`tests/api-import-export.test.mjs` (""no unescaped formula cells in issues CSV"";   to exercise fully, create an issue whose title starts with `=` first) |",S
BUG-008,High,Confirmed,No login rate limiting; synchronous bcrypt blocks the event loop,`auth.routes.ts` login handler — no throttle   (12 rapid failed logins all returned 401 with no 429 — `test-api-auth-before-fix.txt`);   bcrypt compare is synchronous on the request path (CPU DoS with concurrent logins). -,API-003-auth-credential-hardening.diff,yes,"`tests/api-auth.test.mjs` (""login rate limit returns 429 within 12 attempts"") |",S
BUG-009,High,Confirmed,"Secret material tracked in git (DB dump with password hashes, example secret)",`db/backups/backup_before_prompt2.sql` is tracked and   contains password hashes + session-relevant data; `.env.example` contains the literal default   JWT secret (see BUG-003). -,none,no,`git log --all -- db/backups/backup_before_prompt2.sql` empty after remediation |,S (action) / M (history rewrite)
BUG-010,High,Confirmed,CORS reflects any origin with credentials; SSE endpoint sent `Access-Control-Allow-Origin: *`,`app.ts:44` — `origin: true` reflects the request   origin for any domain (verified pre-patch: `Origin: https://evil.example` echoed back);   `scan.routes.ts:55` set `Access-Control-Allow-Origin: *` on the SSE stream. -,API-001-app-hardening.diff; API-006-scan-endpoints.diff,yes,`tests/api-auth.test.mjs` (add `Origin: https://evil.example` preflight assert:   no reflected `ACAO`) |,S
BUG-011,High,Confirmed,Unhandled rejection from `POST /api/scan/run` can crash the API,"`apps/api/src/modules/scan/scan.routes.ts:13` — `const resultPromise = opts.scanner.runScan()`   with no `.catch`; any rejection (DB down, listener failure under BUG-012) becomes an   unhandled rejection → Node ≥15 exits the process (availability loss). -",API-006-scan-endpoints.diff,yes,"manual/chaos — stop PostgreSQL mid-scan, POST `/api/scan/run`, process must stay   alive and return an error; smoke `scripts/scan-now-check.mjs` (API still up after scan) |",S
BUG-012,High,Confirmed,"`ss`/`netstat` failure → empty listener map → mass false ""down"" + auto-resolve storm",`apps/api/src/scanner/host-listener.ts:42-43`   — on `ss`+`netstat` failure it warns and returns partial/empty results; `scanner-service.ts`   then treats *every* expected port as not listening → one cycle flips ports down and   auto-resolves their issues; combined with BUG-011 this is also a crash path. -,API-004-scanner-status-accuracy.diff,yes,manual — `PATH` without `ss`/`netstat` (or `ss` returning nonzero) → scan must   abort without status changes; verify DB statuses unchanged |,M
BUG-013,High,Confirmed,Internal errors leaked to clients (Prisma/Zod messages and dumps),"no `setErrorHandler` in `app.ts` (baseline);   `POST /api/issues` with a bad body → HTTP 500 carrying Prisma validation internals   (`test-api-validation-before-fix.txt`: `got 500, leak=true`); list endpoints return raw   `ZodError` JSON dumps on `?page=abc` style inputs. -",API-001-app-hardening.diff; API-005-request-validation.diff,yes,`tests/api-validation.test.mjs` |,S
BUG-014,High,Confirmed,Latency is recorded for failed probes (fabricated metrics),"`apps/api/src/scanner/tcp-checker.ts:29,41` —   `latencyMs = Math.round(performance.now() - startTime)` is stored regardless of connect   outcome. Evidence `evidence/verify-scan-output.txt`: **19,953 / 19,953 failed checks carry   non-null `latencyMs`**; up-port latency also includes DNS time (measured `ss` state vs DB). -",API-004-scanner-status-accuracy.diff,yes,`scripts/verify-scan.ts` (assert failed checks have null latency) |,S
BUG-015,High,Confirmed,Single probe failure flips a port `up → down` (no debounce),"`schema.prisma:66` `Port.status` is a plain string; `scanner-service.ts` writes the last   probe's result directly — one dropped packet = ""down"", one success = ""up"" (flapping in   `history` and issue auto-resolve, see BUG-032). -",API-004-scanner-status-accuracy.diff,yes,manual — mock-scanner mode: one failing cycle must NOT flip status; two must |,S
BUG-016,High,Confirmed,Stale bind/process/latency shown for dead ports (and in the UI),"`scanner-service.ts:172-175` — on a down probe the   previous `listenAddress`/process/pid are re-persisted (`listenAddress: hostInfo ?   hostInfo.bindAddress : p.listenAddress`). Evidence: **19 ports currently `down` still carry   a `listenAddress`**, 26 carry `latencyMs`; UI ""bind"" column displayed that stale value   (`PortsPage.tsx:785-791` rendered the raw field as if live). -",API-004-scanner-status-accuracy.diff; WEB-001-ports-page.diff,yes,`scripts/verify-scan.ts` (assert: no down port has bind/latency after one scan) |,S
BUG-017,High,Confirmed,`$variable` / unresolved backend hosts are probed as real hosts → `down`,"`scanner-service.ts:210-235` — backend hosts are   resolved and TCP-probed without checking for the `$` prefix or DNS failure. Evidence:   backend `$jellyfin (variable)` probed, status `down`, `latencyMs: 1` (must be `unknown`). -",API-004-scanner-status-accuracy.diff,yes,`scripts/verify-scan.ts` (assert `$…` hosts not probed/marked down) |,S
BUG-019,Medium,Confirmed,"No security headers (CSP, HSTS, X-Frame-Options, nosniff, referrer policy)",`app.ts` (none registered; helmet absent from deps),API-001-app-hardening.diff,yes,`tests/api-auth.test.mjs` (nosniff assert),
BUG-020,Medium,Confirmed,"`npm audit`: 23 vulnerabilities (3 critical, 10 high, 10 moderate)",`package-lock.json` (esbuild/vite/next-era transitive deps),none,no,`npm audit` after upgrade,
BUG-021,Medium,Confirmed,`?limit=Infinity` / `?page=0` → HTTP 500; `limit` unbounded (DoS via `limit=999999`),"`ports.routes.ts:40-41`, `routes.routes.ts:29-30` — `z.coerce.number()` with no bounds/integer",API-005-request-validation.diff,yes,`tests/api-validation.test.mjs`,
BUG-022,Medium,Confirmed,Silent mutation failures — 25 `useMutation` calls with no `onError`,App-wide (grep: mutations without `onError`),WEB-002-app-shell-errors-login.diff,yes,"manual: stop API, mutate, expect toast",
BUG-023,Medium,Confirmed,No React error boundary; Dashboard shows an infinite skeleton on API error,`App.tsx` (`<Routes>` unguarded); `DashboardPage.tsx` no `isError`,WEB-002-app-shell-errors-login.diff,yes,manual: bad `DATABASE_URL` → error card + Retry,
BUG-024,Medium,Confirmed,"Horizontal overflow: all pages @390/768px, /ports + /routes @1366px","`Layout.tsx:73` fixed `pl-64` (256px always reserved) + `.flex-1` content without `min-w-0` (min-content floor from header `w-72` quick-jump chip, SSE chip, wide buttons and tables stretched the page)",WEB-003-session-responsive-theme.diff,yes,`tests/web-ui.test.mjs` (17 FAIL pre-fix / ALL PASS post-fix),
BUG-025,Medium,Confirmed,Ports table has no pagination — spec requires a 50-row paginated table; rows below viewport unreachable,`PortsPage.tsx` renders `filteredPorts` with no slice; footer absent,WEB-001-ports-page.diff,yes,`tests/web-ui.test.mjs` (pagination footer assert),
BUG-026,Medium,Confirmed,"38 unlabelled controls (axe critical `label`/`select-name`) incl. search, selects, port-range inputs — **partially fixed**: WEB-001 cleared /ports (0 remaining there), but **13 instances remain elsewhere**: /routes 4 selects, /issues 3 selects, /port-map 2 selects, /settings 4 number inputs",`PortsPage.tsx` (fixed by WEB-001) + `RoutesPage`/`IssuesPage`/`PortMapPage`/ `SettingsPage` selects/inputs still without `aria-label`/`<label>`,WEB-001-ports-page.diff,yes,"`tests/web-ui.test.mjs` + `evidence/ui-sweep/axe-results-patched.json` (`select-name` ×9 nodes, `label` ×4 nodes)",
BUG-027,Medium,Confirmed,"Contrast failures in **both themes** (axe `color-contrast`): Issues badges **4.26:1 light / 4.29:1 dark ×129 nodes in each theme**; light also config-files 49, backends 26, ports 23, routes 3, certificates 2 nodes (originally measured 4.27:1 on `ok`/`slow` badges)","alpha-overlay badges (`bg-primary/20 text-primary`, `bg-status-slow/20 …`) vs `index.css` tokens in both palettes",none,no,`evidence/ui-sweep/axe-results-patched.json`; ratios captured via axe (`fg #939BF4 / bg #3C3958` = 4.29 dark; `#2F5D50 / #C8C3B8` = 4.26 light),
BUG-028,Medium,Confirmed,"`grid-cols-24` is not a Tailwind class → ""24-hour uptime strip"" renders as one stacked column","`PortsPage.tsx:915`; absent from built CSS; computed `589px`, 24 children at 28px each in one column",WEB-001-ports-page.diff,yes,`scripts/gridcheck3.mjs` / screenshot `evidence/port-drawer-uptime-strip.png`,
BUG-029,Medium,Confirmed,Every filter keystroke pushes a browser-history entry (Back button unusable),`PortsPage.tsx:161` `setSearchParams(next)` without `{ replace: true }`,WEB-001-ports-page.diff,yes,"manual: type in search, press Back",
BUG-030,Medium,Confirmed,Scanner ignores Settings — scan interval/timeout/concurrency read from env only; UI Settings write DB values nobody reads,"`env.ts:25` (`SCAN_INTERVAL_SEC`), `scanner-service.ts:20,29` uses `config.*`; `SettingsPage.tsx:309` writes `scanIntervalSec` → DB via `alerts.routes.ts:94`",none,no,"manual: change interval in UI, observe no effect (pre-fix)",
BUG-031,Medium,Confirmed,Alert Rules (threshold/duration/cooldown/enabled) are never consulted — detector hardcodes everything,`issue-detector.ts` (no settings reads; rules saved by `alerts.routes.ts:94-106` unused),none,no,"manual: add a rule, verify it has no effect (pre-fix)",
BUG-032,Medium,Confirmed,Acknowledged/ignored auto-issues are re-opened on every scan,`issue-detector.ts:31-36` (upsert `update: { status: 'open' }`) + `:289-305` auto-resolve set includes `acknowledged`,none,no,"manual: ack an auto issue, run scan",
BUG-033,Medium,Confirmed,"Custom Fields are write-only — created in Settings, never rendered or editable anywhere",`SettingsPage.tsx:560` CRUD exists; no usage in ports/issues/backends views,none,no,manual walkthrough,
BUG-034,Medium,Confirmed,Saved Views API exists with no UI,`apps/api/src/modules/saved-views/` (routes); no web consumer,none,no,code review,
BUG-035,Medium,Confirmed,"Spec pages missing: Verify-scan page, Users management, Appearance/Theme settings section, export menus outside Ports","no routes/components found (`grep -r ""verify-scan"" apps/web` → none); Settings tabs = scanner/alerts/features/custom-fields/import-export/audit",none,no,coverage matrix (§6),
BUG-036,Medium,Confirmed,"Theme: no System option (pre-fix); dark palette is slate/indigo, spec asks burgundy","`index.html:14` persisted `dark` only, no `matchMedia`; `index.css` palette",WEB-003-session-responsive-theme.diff,yes,`tests/web-ui` + manual theme cycle,
BUG-037,Medium,Confirmed,"Test suites run against the **live** database — `npm test` left 14 test ports (31500-31505, 31700, e2e leftovers) in production data; 1 e2e test fails, 1 unit test times out; tests are also **data-dependent** (assert ≥18 ports / ≥25 domains / topology edges) so they pass only against production-sized data",`vitest`/`e2e` configs have no DB env isolation; leftovers observed in live DB (cleaned up 2026-10-07 — `evidence/data-counts.txt` — next run re-pollutes); isolated fresh-DB run: 16/20 (overview/topology/lifecycle fail on data volume; `/api/ports` 500 → BUG-054),none,no,`npm test` on fresh CI DB → 0 writes to live DB and green without pre-existing data (`evidence/npm-test-fresh-db.txt`),
BUG-038,Medium,Confirmed,Documented setup (`prisma db push`) never applies `db/migrations/002_lifecycle_features.sql` → fresh installs lack `uq_ports_active_port` etc. → duplicate active ports allowed; un-archive has no conflict check (the same gap also skips `db/views.sql` — see BUG-054),README/package.json reference no migration step; **reproduced on a fresh DB via the documented steps** — `prisma db push` created 20 tables but none of the migration-002 indexes; duplicate active-port insert accepted there while rejected on live DB (`evidence/readme-setup-verification.txt`),none,no,fresh DB (documented setup): duplicate active-port insert **accepted**; live DB (migration 002): rejected `uq_ports_active_port` (`evidence/readme-setup-verification.txt`),
BUG-039,Medium,Confirmed,API container runs as root,`apps/api/Dockerfile` (no `USER`),API-009-docker-nonroot.diff,yes,`docker inspect … .Config.User` → `portwatch`,
BUG-040,Medium,Confirmed,"`GET /api/settings` returns live secrets (Telegram bot token, SMTP password, webhook URLs) in the response body",`settings` module serializes raw config,none,no,manual: settings GET → masked,
BUG-041,Medium,Confirmed,Trash restore is lossy — ports restore without their routes; backends/servers have no restore path,ports restore handler restores row only; no re-attach of archived routes,none,no,manual: archive port w/ route → restore → route missing,
BUG-042,Medium,Confirmed,`listenAddress` is client-writable on `POST /api/ports` (bind spoofing),`ports.routes.ts` POST accepts `listenAddress` from body,none,no,manual: POST with fake bind → rejected,
BUG-043,Medium,Confirmed,TLS certificate scan silently covers only the first 20 HTTPS routes; probe errors swallowed,"`scanner-service.ts:271` `httpsRoutes.slice(0, 20)`, `:277` empty `catch`",none,no,manual: >20 HTTPS routes → all checked,
BUG-044,Low,Confirmed,"Manual ""Check now"" ignores lifecycle gates (updates archived/planned ports)",`scan.routes.ts`/`tcp-checker` target path: no lifecycle guard (issue-detector has one at `issue-detector.ts:20`),none,no,manual: check archived port → no status change,
BUG-045,Low,Confirmed,"Command Palette advertises `G ,` shortcut that does nothing",`CommandPalette.tsx` hint text; no key handler,none,no,"manual: press `G` `,`",
BUG-046,Low,Confirmed,`check:contrast` script validates a stale hard-coded palette (false confidence),`scripts/color-check` vs actual `index.css` tokens,none,no,`npm run check:contrast` matches axe,
BUG-047,Low,Confirmed,"README inaccuracies: `agent`/`docker` scanner modes claimed but unimplemented (`SCANNER_MODE=agent|docker` no-op — only `mock` is handled), check scripts (`check:contrast`, `check:no-literals`) not wired into any CI/build (no `.github/` exists), no linter configured at all",`README.md:85-88`; `env.ts:24` types `agent`/`docker` but `host-listener.ts:23` only branches on `mock`; no lint script/eslint config in any `package.json`,none,no,doc review + `evidence/project-checks.txt`,
BUG-048,Low,Confirmed,Cookie `secure: false` + Swagger UI always exposed,`auth.routes.ts:36`; `app.ts:81-94` unconditionally registers `/api/docs`,none,no,manual: prod boot → `/api/docs` 404,
BUG-049,Low,Suspected,Public-exposure issues inferred from `0.0.0.0` bind alone (no firewall check) — may over-trigger behind NAT/firewalls,`issue-detector.ts:215`,none,no,manual: review rule wording,
BUG-050,Low,Confirmed,`GET /api/feature-presets` creates missing built-in rows on read (write-on-read; racy under concurrency),`features.routes.ts:77-91`,none,no,concurrent GETs → no dup errors,
BUG-051,Low,Confirmed,Spreadsheet import is not atomic: ~400 sequential single-row writes with **zero transactions** — crash/timeout mid-import leaves a partially imported workbook,`import-excel.ts:286-596` `importParsedData()` (0 × `$transaction`; server/config/backend/port/route/issue/user/setting upserts run bare); caller `import-export.routes.ts:18` invokes it directly; `route.deleteMany` at `:437` widens the partial-state window,none,no,"`IMPORT_TEST=1` with induced mid-import failure → rollback, DB unchanged",
BUG-052,Medium,Confirmed,Alert notification **dispatch layer does not exist**: every firing writes an `AlertLog` row with `status: 'simulated'` and nothing is ever sent — webhook/Telegram/SMTP settings are write-only (no code reads them); alert logs are never rendered in the UI; yet `/alerts/test` returns “dispatched successfully” and the Settings page offers a “sample dispatch … across configured channels” (Generic Webhook / Telegram Bot options),"`scanner-service.ts:450` (`status: 'simulated'`), `alerts.routes.ts:54-69` (test endpoint always `simulated`); `slackDiscordWebhook`/`genericWebhook`/`telegramConfig`/`smtpConfig` written by `alerts.routes.ts:117-127`, never read anywhere (`grep -rn ""slackDiscordWebhook\|telegramConfig"" apps/api/src` → write sites only); no `fetch`/`http.request`/`nodemailer` in `apps/api/src`; web reads only `/alerts/rules` + `/alerts/test` (no `/alerts/logs`)",none,no,"manual: POST `/alerts/test` with `channel: webhook` → 200 “dispatched successfully”, `AlertLog.status='simulated'`, no outbound request",
BUG-053,Low,Confirmed,"Viewer UI gating is inconsistent: global Header **Scan Now** button and Settings scanner-tab **Save Scanner Settings** (plus custom-field add/delete, preset create) are visible and clickable for viewers — only Header “Add Port”, Ports/Routes/Backends/Issues row actions, features-toggle and preset-delete are `!isViewer`-gated","`Header.tsx:19` computes `isViewer` but `:117` renders Scan Now ungated (`handleScanNow` → POST `/scan`); `SettingsPage.tsx:31` has `isViewer` used only at `:469` (features toggle) and `:524` (preset delete) — scanner save `:305`, custom-field/preset mutations `:49-161` ungated; viewer probe (`evidence/ui-console-errors.txt`) shows “Scan Now” + “Save Scanner Settings” rendered for viewer session; pages certificates/history/dashboard/port-map/config-files have 0 `isViewer` checks (no mutations there)",none,no,viewer login → buttons hidden or disabled; click → no request or 403 toast,
BUG-054,High,Confirmed,Documented setup never applies `db/views.sql` → `v_port_overview` missing on fresh installs → primary ports endpoints 500,"the README quick-start runs only `prisma db push` +   `npm run seed`; `db push` creates the 20 Prisma tables but cannot create the raw-SQL   materialized view `v_port_overview` (`db/views.sql`, referenced only in README's tech table).   **Reproduced:** a fresh `portwatch_test` DB created exactly that way serves   `GET /api/ports?layer=http&protocol=HTTP` → **HTTP 500** `relation ""v_port_overview"" does   not exist` (`42P01`, `ports.routes.ts:210`), breaking the primary Ports page, export,   lifecycle queries and `npm test` (4/20 fail — `evidence/npm-test-fresh-db.txt`). Together   with BUG-038 (migration-002 indexes also never applied) the documented install applies   **none** of the repo's raw SQL artifacts. -",none,no,fresh DB via documented steps → `GET /api/ports` → 200 (view exists);   `npm test` green on an isolated DB after seeding. -,S
BUG-055,Medium,Confirmed,Command Palette results can only be activated by **mouse click**: `Enter` never opens a result and `ArrowDown` does not move focus/selection (focus stays in the text input) — keyboard-only users cannot navigate with the app's primary keyboard launcher,"`CommandPalette.tsx` has no selected-index state or `onKeyDown` handling beyond `Escape`; results are plain `div`s without `role=""option""`/`aria-activedescendant`",none,no,"Playwright: Ctrl+K → type `cert` → Enter stays on `/` (also after ArrowDown; 3 attempts), while clicking the same result → `/certificates` (`evidence/ui-sweep/interactive-findings.json`, `palette-search.png`)",
BUG-056,Medium,Confirmed,Add Port 5-step wizard has **no client-side validation until the final save**: out-of-range port `99999` passes step 1 “Next” and every subsequent step; only `POST /api/ports` rejects it (400) at “Save & Add Another” — the whole wizard input is wasted and the only feedback is a global toast while the modal stays on Review,`AddPortDialog.tsx` performs no range/format checks on step navigation; error surfaces solely through API 400 → `MutationCache` toast,none,no,"Playwright: fill 99999 → 5× Next → Save → toast “Port number must be between 1 and 65535”, `POST /api/ports` 400, modal still open (`evidence/ui-sweep/wizard-400-feedback.png`, `wizard-99999.png`)",
BUG-057,Low,Confirmed,"Settings **“Save Scanner Settings” gives no success feedback**: `PATCH /api/settings` → 200 but no toast, no inline “Saved” state — user cannot tell whether the change persisted (failures do toast, successes are silent)",`SettingsPage.tsx` scanner save relies on the global `MutationCache.onError` only; no `onSuccess` UI,none,no,"Playwright: change value → save → `200 PATCH /api/settings` observed, 0 toasts, no “saved” text (`evidence/ui-sweep/settings-save2.png`)",
BUG-058,Low,Confirmed,"Fixed-position overlays lack dialog semantics: Add Port wizard (`div.fixed.inset-0`) and port detail drawer (`aside`) have **no `role=""dialog""`/`aria-modal`/accessible name, no focus trap**; ESC closes the drawer but **not** the wizard (wizard only via labelled X) — screen readers never announce either as a dialog (axe has no rule for this, so it survived the a11y pass)",`AddPortDialog.tsx` / PortsPage drawer render plain `div`/`aside` overlays,none,no,"DOM dump while wizard open: `querySelectorAll('[role=dialog]') → 0` (`evidence/ui-sweep/after-add-port-click.png`, `port-drawer.png`)",
BUG-059,Medium,Confirmed,"Scrollable content panels are not keyboard-focusable — axe `scrollable-region-focusable` (**serious**) on Dashboard (ports-by-layer list), Backends (4 side panels), History timeline: keyboard users cannot scroll these regions","scroll containers (`overflow-y-auto max-h-*`) lack `tabindex=""0""`/`role=""region""`; pre-existing (present in baseline `axe-results.json`, never recorded until now)",none,no,`evidence/ui-sweep/axe-results-patched.json` → `scrollable-region-focusable` on 3 pages × both themes,
BUG-060,Low,Confirmed,"Heading hierarchy skips levels — axe `heading-order` on Dashboard, Backends, History, Settings: `<h3>` used as the first heading with no preceding `<h2>` (Settings instance added by the settings-tab UI)","page sections start at `h3` styling; pre-existing on /, /backends, /history (baseline `axe-results.json`), unrecorded until now",none,no,`evidence/ui-sweep/axe-results-patched.json` → `heading-order` ×8 page/theme rows,
BUG-061,Low,Confirmed,"Dashboard “Ports by Layer & Protocol” pie chart is inaccessible — axe `svg-img-alt` (serious): recharts `<path>` sectors carry a `name` attribute but no accessible name (`aria-label`/`<title>`), so screen readers get nothing from the chart","recharts sector rendering without title/aria; pre-existing (baseline `axe-results.json`), unrecorded until now",none,no,`evidence/ui-sweep/axe-results-patched.json` → `svg-img-alt` nodes:3 both themes,
BUG-062,Low,Confirmed,"Login page content sits outside landmarks — axe `landmark-one-main` + `region` (4 nodes): no `<main>` around the form, brand/version sidebar unscoped (introduced with the WEB-002 login page)",`LoginPage.tsx` wrapper has no `<main>`/`<header>` structure,none,no,`evidence/ui-sweep/axe-results-patched.json` → `/login` both themes,
IMP-001,Improvement,Confirmed,Bundle is a single 1.4 MB chunk (`vite build` warns >500 kB) — slow first paint,no route-level code splitting in `App.tsx`,none,no,build output <500 kB/chunk,
IMP-002,Improvement,Confirmed,"Export menu only appears on hover (discoverability), export exists only on Ports page",`PortsPage.tsx` hover-grouped menu; other pages lack it (see BUG-035),none,no,manual/UX review,
IMP-003,Improvement,Confirmed,"Scanner re-upserts every matching auto-issue on **every** scan cycle — 9 sequential rule loops, no batching; `@updatedAt` churned every 30s even when nothing changed",`issue-detector.ts:25-265` (9 `await prisma.issue.upsert` inside `for` loops) called each cycle from `scanner-service.ts:286`; no `$transaction`/`createMany`,none,no,query count per scan via Prisma query log,
